month,usajobsControlNumber,title,matched_phrases
2017_01,425439100,Sheet Metal Mechanic (Aircraft/Painter) (Military Requirement),[environmental compliance]
2017_01,461833300,"Environmental and Sustainability Analyst, GS-0301-13, Census-MP-CAJ",[environmental compliance]
2017_01,461757100,Environmental Protection Specialist,"[national environmental policy act, nepa, section 106, environmental compliance]"
2017_01,462416400,Industrial Hygienist,[environmental assessment]
2017_01,461440500,Interdisciplinary (Biologist or Environmental Engineer - Regulatory),[rivers and harbors act]
2017_01,462883800,Community Planner,[national environmental policy act]
2017_01,462361900,Regulatory Project Manager (Interdisciplinary),"[section 404, clean water act, permit applications]"
2017_01,461443700,Interdisciplinary (Biologist or Environmental Engineer - Regulatory),[rivers and harbors act]
2017_01,461874100,Administrative Support Assistant,[environmental compliance]
2017_01,461487600,Physical Scientist/Geologist/Hydrologist,"[clean water act, cercla, rcra, npdes, nepa, national pollutant discharge elimination system, safe drinking water act, national environmental policy act]"
2017_01,462970000,Supervisory Economist/Supervisory Statistician,[permitting]
2017_01,462369400,Regulatory Project Manager (Interdisciplinary),"[section 404, clean water act, permit applications]"
2017_01,461989200,Administrative Support Assistant,[environmental compliance]
2017_01,462366700,Regulatory Project Manager (Interdisciplinary),"[section 404, clean water act, permit applications]"
2017_01,461593200,"Technical Writer/Editor, GS-1083-11/12 (RF-MPP)",[nepa]
2017_01,462698600,Program Analyst,"[environmental compliance, permitting]"
2017_01,463151900,Engineering Technician,[environmental compliance]
2017_01,462883900,Community Planner,[national environmental policy act]
2017_01,461807800,"Environmental and Sustainability Analyst, GS-0301-13, Census-DE-CAJ",[environmental compliance]
2017_01,461593400,"Technical Writer/Editor, GS-1083-11/12 (RF-DEU)",[nepa]
2017_01,461036400,Lock and Dam Operator (Standing Register),[right-of-way]
2017_01,462548100,Interdisciplinary Supervisory (Petroleum Engineer/Geologist/Geophysicist),"[nepa, national environmental policy act]"
2017_01,461636800,Program Analyst,[environmental compliance]
2017_01,462574900,Medical Supply Technician,[permitting]
2017_01,462359300,Regulatory Project Manager (Interdisciplinary),"[section 404, clean water act, permit applications]"
2017_01,462234600,Interdisciplinary Supervisory (Petroleum Engineer/Geologist/Geophysicist),"[nepa, national environmental policy act]"
2017_02,463750600,COMMUNITY PLANNER TECHNICIAN,[environmental review]
2017_02,463922300,Student Trainee (Surveying),[right-of-way]
2017_02,463327600,Environmental Engineer,[rcra]
2017_02,464205300,"Child and Youth Program Assistant, CY-01, CY-02",[permitting]
2017_02,462256900,SUPERVISORY ENVIRONMENTAL PROTECTION SPECIALIST,"[environmental compliance, nepa, permitting]"
2017_02,463471800,Safety Technician,[environmental compliance]
2017_02,463923000,Student Trainee (Surveying),[right-of-way]
2017_02,464127600,Medical Technician,[section 408]
2017_02,463751300,INDUSTRIAL HYGIENE TECHNICIAN,[environmental assessment]
2017_02,464128300,Medical Technician,[section 408]
2017_02,464499100,PHYSICAL SCIENTIST (ENVIRONMENTAL),[environmental compliance]
2017_02,464847200,"Park Ranger (Protection), GL-0025-09",[environmental compliance]
2017_02,464488300,Physician Assistant,[section 408]
2017_02,464854400,Survey Technician (Firearms),[rights-of-way]
2017_02,464512000,Supervisory Medical Support Assistant (OA) - Billing,[section 408]
2017_02,464287200,ENVIRONMENTAL ENGINEER,[environmental compliance]
2017_02,464829700,"Conservation Law Enforcement Officer, Conservation LEO - Manatee",[marine mammal protection act]
2017_02,464942300,Medical Technologist,[section 408]
2017_02,464874900,Nursing Assistant,[section 408]
2017_02,464713100,Airway Transportation Systems Specialist (RADAR),[environmental compliance]
2017_02,464252100,Archeological Technician,[section 106]
2017_02,464583300,Information Technology Specialist,[section 408]
2017_02,464667800,Physical Science Technician (Minerals),[permitting]
2017_02,464221700,Health Technician (Optometry),[section 408]
2017_02,464246200,Pharmacy Technician,[section 408]
2017_02,464789200,Audiologist,[section 408]
2017_02,464727300,Medical Support Assistant (OA),[section 408]
2017_02,464760900,SHEET METAL MECHANIC (AIRCRAFT/PAINTER),[environmental compliance]
2017_02,464495000,DISTRIBUTION FACILITIES MANAGER,[environmental compliance]
2017_02,464401400,AIR CONDITIONING EQUIPMENT MECHANIC,[clean air act]
2017_02,464429500,INDUSTRIAL HYGIENIST,[environmental compliance]
2017_02,464873200,Fire Management Specialist (Prescribed Fire/Fuels),[nepa]
2017_02,464791900,Environmental Protection Specialist,"[environmental compliance, permitting, nepa, national environmental policy act]"
2017_02,464775500,"Custodial Worker, NA-02",[permitting]
2017_02,464885300,Airway Transportation Systems Specialist (ENVIRONMENTAL),[environmental compliance]
2017_02,464664100,Environmental Program Manager (Interdisciplinary),[environmental compliance]
2017_02,464327900,Supervisory Audiologist,[section 408]
2017_02,464478900,ENVIRONMENTAL PROTECTION SPECIALIST,[environmental compliance]
2017_02,464330800,Medical Support Assistant (OA),[section 408]
2017_02,464327500,Supervisory Audiologist,[section 408]
2017_02,464512300,Supervisory Medical Support Assistant (OA) - Billing,[section 408]
2017_02,464452200,ENVIRONMENTAL PROTECTION SPECIALIST,[nepa]
2017_02,464298200,"Tractor Operator, NA-06",[permitting]
2017_02,464848200,Practical Nurse,[section 408]
2017_02,464582800,Information Technology Specialist,[section 408]
2017_02,464726200,Medical Support Assistant (OA),[section 408]
2017_02,464782900,Health Technician,[section 408]
2017_02,464366800,SUPERVISORY ENVIRONMENTAL ENIGINEER,[environmental compliance]
2017_02,464942400,Medical Technologist,[section 408]
2017_02,464793500,ENVIRONMENTAL PROTECTION SPECIALIST,[environmental compliance]
2017_02,464848400,Practical Nurse,[section 408]
2017_02,464484300,"Supervisory Environmental Protection, GS-0028-12, 17-116T","[environmental compliance, permitting, nepa, national environmental policy act]"
2017_02,464221800,Health Technician (Optometry),[section 408]
2017_02,464492000,SUPPLY MANAGEMENT SPECIALIST,[environmental compliance]
2017_02,468519600,Interdisciplinary (Recent Graduate),"[section 404, rivers and harbors act, clean water act, permit applications]"
2017_02,470115800,Supervisory Life Scientist/Environmental Engineer/Physical Scientist,[cercla]
2017_03,425356700,Air Conditioning Equipment Operator,[clean air act]
2017_03,461855800,Special Use Permit Compliance Monitor,[special use permit]
2017_03,464164400,Environmental Protection Specialist,[environmental compliance]
2017_03,463500000,Police Officer,[right-of-way]
2017_03,459074600,Archeological Technician,[section 106]
2017_03,462755000,Environmental Engineer,[environmental compliance]
2017_03,461737700,Interdisciplinary (Resource Planning Specialist),"[national environmental policy act, environmental compliance, section 106, nepa]"
2017_03,463633600,INDUSTRIAL HYGIENIST (GEMS COORDINATOR),"[environmental compliance, safe drinking water act, clean air act, clean water act]"
2017_03,464177600,Production Machinery Mechanic,[rcra]
2017_03,459147400,Geographer (Recent Graduate),[permit applications]
2017_03,464164500,Environmental Protection Specialist,[environmental compliance]
2017_03,463359400,Supervisory Environmental Protection Specialist,"[nepa, national environmental policy act, environmental compliance]"
2017_03,455140600,Physical Science Technician (Minerals),[permitting]
2017_03,463067300,Electronic Industrial Equipment Installer & Repairer,[rcra]
2017_03,461751100,Engineering Technician (Civil),[environmental compliance]
2017_03,463084600,Supervisory Biologist,[national environmental policy act]
2017_03,464171800,Air Conditioning Equipment Mechanic,[environmental compliance]
2017_03,464170600,Production Machinery Mechanic,[rcra]
2017_03,465195200,Museum Technician,[section 106]
2017_03,465238200,ENVIRONMENTAL PROTECTION SPECIALIST,[rcra]
2017_03,465196800,Dental Hygienist,[section 408]
2017_03,465040900,Pharmacist,[section 408]
2017_03,464212800,Production Machinery Mechanic,[rcra]
2017_03,465259400,Dietitian,[section 408]
2017_03,465009200,Forestry Technician (Wilderness/Trails),[nepa]
2017_03,465109400,"Supervisory Legal Instruments Examiner, GS-0963-11","[licenses and permits, permits and licenses]"
2017_03,465226300,Medical Technologist,[section 408]
2017_03,465189700,Police Officer,[right-of-way]
2017_03,465133300,Forestry Technician (Generalist),[nepa]
2017_03,465147000,"Marine Mammal Specialist, ZP-0401-02 (MAP)",[marine mammal protection act]
2017_03,465048900,SUPPLY MANAGEMENT SPECIALIST,[environmental compliance]
2017_03,465074300,Environmental Engineer,[permitting]
2017_03,464401200,Materials Handler,[environmental compliance]
2017_03,464946800,Forestry Technician (Timber Stand Improvement/Firearms),[nepa]
2017_03,465380800,"SHEET METAL MECHANIC (AIRCRAFT/PAINTER), WG-3806-10 (ART)",[environmental compliance]
2017_03,465287300,Clinical Cardiology Nurse,[section 408]
2017_03,465258800,Dietitian,[section 408]
2017_03,465103000,Industrial Hygiene Technician,[environmental assessment]
2017_03,464401600,Materials Handler,[environmental compliance]
2017_03,465036600,Student Trainee (Environmental Science) (Pathways Internship),"[permit processing, permit applications]"
2017_03,465089500,Archeological Technician,[section 106]
2017_03,465287900,Clinical Cardiology Nurse,[section 408]
2017_03,465179400,Survey Technician,[rights-of-way]
2017_03,465251200,Biological Science Technician,[permitting]
2017_03,465147600,"Marine Mammal Specialist, ZP-0401-02 (DE/CR)",[marine mammal protection act]
2017_03,465225400,Medical Technologist,[section 408]
2017_03,465196500,Dental Hygienist,[section 408]
2017_03,465040800,Pharmacist,[section 408]
2017_03,465378000,FACILITY OPERATIONS SPECIALIST,[environmental compliance]
2017_03,464956500,SHEET METAL MECHANIC (AIRCRAFT/PAINTER),[environmental compliance]
2017_03,464884300,Supply Management Specialist (D0883P01),[environmental compliance]
2017_03,465044500,Environmental Specialist,"[environmental compliance, clean water act, rcra, clean air act, cercla, nepa, national environmental policy act]"
2017_03,464696800,Forestry Technician (Wilderness/Trails),[special use permit]
2017_03,465009900,Forestry Technician (Wilderness/Trails),[nepa]
2017_03,465353300,"Natural Resource Specialist, ZP-0401-4 (MAP)",[national environmental policy act]
2017_03,465015000,SUPERVISORY ENGINEERING TECH (CIVIL),"[safe drinking water act, clean water act]"
2017_03,465130000,Archeologist,[section 106]
2017_03,465227800,Forestry Technician (Recreation),[special use permit]
2017_03,465382700,ENVIRONMENTAL ENGINEER/ SCIENTIST,[environmental compliance]
2017_03,465093200,Airway Transportation System Specialist (SSC Coordinator),[environmental compliance]
2017_03,464530200,Community Planner,[nepa]
2017_03,464521000,Community Planner,[nepa]
2017_03,465042400,Medical Support Assistant (OA),[section 408]
2017_03,465346800,Supervisory Range Technician (Fire) (Wildland Fire Operations Specialist),[nepa]
2017_03,465195700,Medical Support Assistant (OA),[section 408]
2017_03,466302800,INDUSTRIAL HYGIENE TECHNICIAN,[environmental assessment]
2017_03,465587900,"Fire Management Officer, GS-0401-11","[nepa, national environmental policy act]"
2017_03,466071100,Maintenance Worker,[licenses and permits]
2017_03,466133800,Supervisory Social Worker,[section 408]
2017_03,465511900,SHEET METAL MECHANIC (AIRCRAFT/PAINTER),[environmental compliance]
2017_03,465977400,Environmental Protection Specialist,[environmental compliance]
2017_03,465802300,Interdisciplinary,[permitting]
2017_03,466282100,SUPERVISORY ENVIRONMENTAL PROTECTION SPECIALIST,"[environmental compliance, nepa, permitting]"
2017_03,466018900,Interdisciplinary,[environmental compliance]
2017_03,465483800,SUPERVISORY PHYSICAL SCIENTIST (ENVIRONMENTAL) - INTERDISCIPLINARY,[environmental compliance]
2017_03,465806400,INTERDISCIPLINARY,[permitting]
2017_03,465508900,Forestry Technician (Wilderness/Trails/Firearms),[nepa]
2017_03,465486100,Industrial Hygienist (GEMS),"[safe drinking water act, clean air act, clean water act]"
2017_03,465815000,"Environmental Protection Specialist, GS-0028-11","[clean water act, national environmental policy act, safe drinking water act, clean air act, cercla, rcra, environmental compliance]"
2017_03,465715100,Deputy Regional Administrator,[section 404]
2017_03,465925500,ENVIRONMENTAL PROTECTION SPECIALIST,[environmental compliance]
2017_03,466191200,Airway Transportation System Specialist(Coordinator),[environmental compliance]
2017_03,465924700,Environmental Resources Specialist (ECC),[environmental compliance]
2017_03,466281500,Health Technician,[section 408]
2017_03,466213200,"Environmental Engineer, GS-0819-12","[rcra, clean water act, clean air act, nepa, national environmental policy act, permitting, environmental compliance]"
2017_03,465403500,Biological Science Technician (Wildlife),[national environmental policy act]
2017_03,465707900,SHEET METAL MECHANIC (AIRCRAFT/PAINTER),[environmental compliance]
2017_03,466291900,SECURITY CLERK,[environmental compliance]
2017_03,465985900,Environmental Protection Specialist,[environmental compliance]
2017_03,465959400,Grant Management Specialist,"[environmental compliance, environmental review]"
2017_03,465821400,"Supervisory Environmental Protection Specialist, GS-0028-13","[nepa, national environmental policy act, clean air act, clean water act, cercla, rcra, environmental compliance]"
2017_03,465747200,Environmental Protection Specialist,"[clean water act, clean air act, environmental compliance]"
2017_03,465427100,Archeological Technician,[section 106]
2017_03,465746000,SHEET METAL MECHANIC (AIRCRAFT/PAINTER),[environmental compliance]
2017_03,466183200,Environmental Protection Specialist,[environmental compliance]
2017_03,466292700,Production Machinery Mechanic,[rcra]
2017_03,465416800,Wildlife Biologist,[national environmental policy act]
2017_03,465877800,SHEET METAL MECHANIC (AIRCRAFT/PAINTER),[environmental compliance]
2017_03,465395900,Lock and Dam Operator,[right-of-way]
2017_03,465520200,Fire Protection Engineer,[environmental compliance]
2017_03,465990800,"Supervisory Facilities Operations Specialist, GS-1640-13",[environmental compliance]
2017_03,465825700,"Laborer, WG-3502-03",[right-of-way]
2017_03,466150000,Interdisciplinary- Mechanical / Civil /Environmental / General Physical Science,[permitting]
2017_03,465741500,Environmental Protection Specialist,"[clean water act, clean air act, environmental compliance]"
2017_03,466306500,Electroplater Supervisor,[rcra]
2017_03,466374900,Archeological Technician,[section 106]
2017_03,466256800,Supervisory Natural Resources Specialist,[permitting]
2017_03,466155900,INDUSTRIAL HYGIENIST,[environmental compliance]
2017_03,466329500,PHYSICAL SCIENTIST/ENVIRONMENTAL ENGINEER/BIOLOGICAL SCIENTIST,[environmental compliance]
2017_03,466304100,Medical Support Assistant (OA),[section 408]
2017_03,465958200,Grant Management Specialist,"[environmental compliance, environmental review]"
2017_03,466091200,Nursing Assistant,[section 408]
2017_03,465991800,Supervisory Wildlife Biologist,[nepa]
2017_03,466362400,Wildlife Biologist,"[nepa, national environmental policy act]"
2017_03,466131400,Clinical Nurse,[section 408]
2017_03,465821200,Medical Records Administrator,[section 408]
2017_03,465837100,Cartographic Technician,"[nepa, national environmental policy act]"
2017_03,466148000,Environmental Protection Specialist,"[cercla, environmental compliance, clean water act, clean air act, national environmental policy act, rcra]"
2017_03,466098200,Medical Records Administrator,[section 408]
2017_03,466044300,Clinical Nurse (Care Management),[section 408]
2017_03,465428400,INTERDISCIPLINARY ENVIRONMENTAL POSITION,[environmental compliance]
2017_03,466213800,"Environmental Engineer, GS-0819-12","[rcra, clean water act, clean air act, nepa, national environmental policy act, permitting, environmental compliance]"
2017_03,466369000,Safety and Occupational Health Specialist,[environmental compliance]
2017_03,466275300,Supervisory Dietitian,[section 408]
2017_03,466008100,"Environmental Protection Specialist, GS-0028-09","[npdes, rcra, permitting, environmental compliance]"
2017_03,466186900,Environmental Protection Specialist,[environmental compliance]
2017_03,465816500,"Environmental Protection Specialist, GS-0028-11","[clean water act, national environmental policy act, safe drinking water act, clean air act, cercla, rcra, environmental compliance]"
2017_03,465979400,SUPERVISORY BIOLOGICAL AND PHYSICAL SCIENTIST/ENVIRONMENTAL ENGINEER/GEOLOGIST,[permitting]
2017_03,466181100,Medical Supply Techncian-DH,[permitting]
2017_03,465877300,Ecologist,"[nepa, national environmental policy act]"
2017_03,465951900,Archaeological Technician,[section 106]
2017_03,466274400,Contact Representative,[section 408]
2017_03,466156800,INDUSTRIAL HYGIENIST,"[safe drinking water act, permit applications]"
2017_03,465834200,"Supervisory Bridge Management Speciailst, GS-2101-13","[environmental review, permit applications]"
2017_03,465983900,Quality Assurance Specialist,[environmental compliance]
2017_03,465899500,"Engineering Technician (Drafting), GS-0802-07",[environmental compliance]
2017_03,465600100,INDUSTRIAL HYGIENE TECHNICIAN,[environmental assessment]
2017_03,466209700,Environmental Engineer (PI5103),"[nepa, national environmental policy act]"
2017_03,465822300,"Quality Assurance Specialist, GS-1910-11, E5-E7, 17-004T",[environmental compliance]
2017_03,465660700,Nursing Assistant,[section 408]
2017_03,466219500,Wildlife Biologist,[national environmental policy act]
2017_03,466208700,"Natural Resource Specialist, ZP-0401-4 (MAP)",[national environmental policy act]
2017_03,466072800,Nurse Midwife,[section 408]
2017_03,466184600,"Volunteer Law Student, Fall 2017",[cercla]
2017_03,466192900,Supervisory Airfield Operations Specialist,[environmental compliance]
2017_03,466211700,Environmental Engineer (PI5103),"[nepa, national environmental policy act]"
2017_03,466274600,Supervisory Dietitian,[section 408]
2017_03,466167700,Environmental Engineer (MI5109),"[nepa, national environmental policy act]"
2017_03,466378900,Supervisory Airfield Operations Specialist,[environmental compliance]
2017_03,466166900,Interdisciplinary (Biologist or Environmental Engineer - Regulatory),[rivers and harbors act]
2017_03,465569000,Forestry Technician (Wilderness/Trails),[nepa]
2017_03,465798000,Natural Resouces Specialist (Ranger),[environmental compliance]
2017_03,466071600,Maintenance Worker,[licenses and permits]
2017_03,465510000,Forestry Technician (Recreation),[special use permit]
2017_03,465734900,Historic Preservation Specialist,[section 106]
2017_03,465661100,Nursing Assistant,[section 408]
2017_03,465922100,Medical Officer,[section 408]
2017_03,466248800,Emergency Management Specialist (Infrastructure Branch Director),[national environmental policy act]
2017_03,465925000,Environmental Resources Specialist (ECC),[environmental compliance]
2017_03,466171000,Environmental Engineer (MI5109),"[nepa, national environmental policy act]"
2017_03,466215800,SUPPLY MANAGEMENT SPECIALIST,[environmental compliance]
2017_03,465942900,Safety Technician (Motor Vehicle Operator),[environmental compliance]
2017_03,465519000,Student Trainee (Archeology) (Pathways Internship),[section 106]
2017_03,465774200,"Supervisory Facility Operations Specialist, GS-1640-13",[environmental compliance]
2017_03,465520100,Fire Protection Engineer,[environmental compliance]
2017_03,466044200,Clinical Nurse (Care Management),[section 408]
2017_03,465885800,"Engineering Technician (Drafting), GS-0802-07",[environmental compliance]
2017_03,465397200,Forestry Technician (Wilderness/Trails),[nepa]
2017_03,465921900,Medical Officer,[section 408]
2017_03,466198500,Environmental Floodplain Specialist,[national environmental policy act]
2017_03,466250400,Air Conditioning Equipment Mechanic,[clean air act]
2017_03,465821300,Medical Records Administrator,[section 408]
2017_03,465798200,Natural Resouces Specialist (Ranger),[environmental compliance]
2017_03,466071800,Nurse Midwife,[section 408]
2017_03,465819200,"Supervisory Environmental Protection Specialist, GS-0028-13","[nepa, national environmental policy act, clean air act, clean water act, cercla, rcra, environmental compliance]"
2017_03,465832900,"Supervisory Bridge Management Speciailst, GS-2101-13","[environmental review, permit applications]"
2017_03,465563000,"Student Trainee (Natural Resources Management), GS-0499-04 (NTE)(MM)",[environmental compliance]
2017_03,466086200,SHEET METAL MECHANIC (AIRCRAFT/PAINTER),[environmental compliance]
2017_03,466466300,Health Systems Specialist (CAC),[section 408]
2017_03,466403200,Environmental Engineer,[npdes]
2017_03,466701100,Supervisory Clinical Nurse (ED Manager),[section 408]
2017_03,466477100,Entry Level Professional Engineers,[environmental compliance]
2017_03,466934000,Nursing Assistant,[section 408]
2017_03,466612100,Forestry Technician (Wilderness/Trails),[nepa]
2017_03,466577700,SHEET METAL MECHANIC (AIRCRAFT/PAINTER),[environmental compliance]
2017_03,466664600,Medical Officer (Administrative),[section 408]
2017_03,466581300,Physical Scientist,[environmental compliance]
2017_03,466423100,Quality Assurance Specialist,[environmental compliance]
2017_03,466799000,Safety and Occupational Health Specialist,"[clean water act, clean air act]"
2017_03,466967300,INDUSTRIAL HYGIENE TECHNICIAN,[environmental compliance]
2017_03,466420500,Engineering Technician,[nepa]
2017_03,466836000,Air Conditioning Equipment Mechanic,[environmental compliance]
2017_03,466460200,Medical Officer (Anesthesiology),[section 408]
2017_03,466838100,Realty Assistant (Generalist/OA) GS-1101-05,[rights-of-way]
2017_03,466463800,Environmental Protection Specialist,[environmental compliance]
2017_03,466567100,Safety Engineer (Construction),"[cercla, clean water act, rcra]"
2017_03,466408000,Supervisory Natural Resource Specialist,[environmental compliance]
2017_03,466836400,"Realty Specialist (Conveyances), GS-1170-09",[nepa]
2017_03,466635900,Supply Management Specialist,[environmental compliance]
2017_03,466828900,Environmental Protection Specialist,[environmental compliance]
2017_03,466932500,Diagnostic Radiologic Technologist (Mammography),[section 408]
2017_03,466805100,Public Health Educator,[section 408]
2017_03,466728600,"FORESTER, GS-0460-7/9 (DEU)",[environmental assessment]
2017_03,466933500,Nursing Assistant,[section 408]
2017_03,466644100,"Civil Engineer, GS-0810-12",[national environmental policy act]
2017_03,466740900,CHEMIST,[environmental compliance]
2017_03,466527100,Wildlife Biologist,"[nepa, national environmental policy act]"
2017_03,466466200,Health Systems Specialist (CAC),[section 408]
2017_03,466644400,"Civil Engineer, GS-0810-12",[national environmental policy act]
2017_03,466933200,Diagnostic Radiologic Technologist (Mammography),[section 408]
2017_03,466805400,Public Health Educator,[section 408]
2017_03,466739300,"Tractor Operator, NA-06",[permitting]
2017_03,466420800,Engineering Technician,[nepa]
2017_03,466518700,Integrated Training Area Management Program Coordinator,[environmental review]
2017_03,466541000,Fire Ecologist,[nepa]
2017_03,466728500,"FORESTER, GS-0460-7/9",[environmental assessment]
2017_03,466495900,"Supervisory Program Specialist, GS-0301-11",[permitting]
2017_03,466660600,ENVIRONMENTAL ENGINEER,[environmental compliance]
2017_03,466469700,Park Ranger (General),[permit applications]
2017_03,466837700,SHEET METAL MECHANIC (AIRCRAFT/PAINTER),[environmental compliance]
2017_03,466423600,Biologist,[environmental compliance]
2017_03,466731900,INTERDISCIPLINARY,[environmental compliance]
2017_03,466612400,Forestry Technician (Wilderness/Trails),[special use permit]
2017_03,466722100,Concessions Management Assistant,[special use permit]
2017_03,466693900,SHEET METAL MECHANIC (AIRCRAFT/PAINTER),[environmental compliance]
2017_03,466827900,"Natural Resource Specialist, ZP-0401-4 (MAP)",[national environmental policy act]
2017_03,466778000,Supervisory Interdisciplinary,[environmental compliance]
2017_03,466567200,Industrial Hygienist,[environmental compliance]
2017_03,466701400,Supervisory Clinical Nurse (ED Manager),[section 408]
2017_03,466556300,Medical Records Technician (OA) - Billing,[section 408]
2017_03,466402900,Environmental Engineer,[npdes]
2017_03,466950600,Interdisciplinary,"[clean water act, national environmental policy act]"
2017_03,466459600,Physician Assistant,[section 408]
2017_03,466552400,Medical Support Assistant (OA),[section 408]
2017_03,468049400,Interdisciplinary Regulatory Specialist/Physical Scientist,"[section 404, rivers and harbors act, clean water act, permit applications]"
2017_03,468056100,Interdisciplinary Regulatory Specialist/Physical Scientist,"[section 404, rivers and harbors act, clean water act, permit applications]"
2017_03,473648100,"National Bank Examiner/Bank Examiner (Asset Management), NB-0570-V",[permitting]
2017_03,477840100,HYDROLOGIC TECHNICIAN,[environmental compliance]
2017_04,462955700,CIVIL ENGINEER,[right-of-way]
2017_04,462960300,CIVIL ENGINEER,[right-of-way]
2017_04,464091100,Electrician,[right-of-way]
2017_04,463884500,Interdisciplinary Position (Community Planner/Environmental Engineer/General Engineer),[nepa]
2017_04,463726200,Interdisciplinary,"[national environmental policy act, section 404, nepa, clean water act, permit applications]"
2017_04,464078000,Electrician,[right-of-way]
2017_04,463116500,Environmental Resources Specialist,"[nepa, national environmental policy act, section 404, clean water act, rivers and harbors act, permit applications]"
2017_04,464741000,Engineering Technician (Civil),[right-of-way]
2017_04,464373800,Supervisory Attorney Adviser (General),[clean water act]
2017_04,465073600,Interdisciplinary (Environmental Manager),[environmental compliance]
2017_04,465608000,Archeologist,"[categorical exclusion, section 106]"
2017_04,466394700,ENVIRONMENTAL PROTECTION SPECIALIST,"[environmental impact statement, nepa]"
2017_04,465607800,Archeologist,"[categorical exclusion, section 106]"
2017_04,466146000,Environmental Protection Specialist,"[npdes, rcra]"
2017_04,467243800,Wildlife Biologist,[licenses and permits]
2017_04,467048100,SHEET METAL MECHANIC (AIRCRAFT/PAINTER),[environmental compliance]
2017_04,467229600,"Park Ranger (Protection), GS-0025-05",[environmental compliance]
2017_04,466966300,SHEET METAL MECHANIC (AIRCRAFT/PAINTER),[environmental compliance]
2017_04,467286900,Interdisciplinary,"[environmental compliance, clean water act, national environmental policy act]"
2017_04,467346700,SHEET METAL MECHANIC (AIRCRAFT/PAINTER),[environmental compliance]
2017_04,466899100,Engineering Technician (Civil),[right-of-way]
2017_04,467378900,Pharmacy Technician,[section 408]
2017_04,467054600,Archeology Technician,[section 106]
2017_04,466846400,Regulatory Project Manager Interdisciplinary,[permit applications]
2017_04,467277200,Public Affairs Specialist-CERCLA,[cercla]
2017_04,466930900,Interdisciplinary (Environmental Planning Branch),"[environmental compliance, clean water act, nepa, national environmental policy act]"
2017_04,467392600,Medical Support Assistant (OA),[section 408]
2017_04,466888500,"Medical Officer (Family Practice), (Internal Medicine) or (Pediatrics)",[section 408]
2017_04,466888900,Medical Officer (Hospitalist),[section 408]
2017_04,467167100,SUPERVISORY ENVIRONMENTAL PROTECTION SPECIALIST,"[environmental compliance, nepa, permitting]"
2017_04,467051700,Archeology Technician,[section 106]
2017_04,466745700,Interdisciplinary (Biologist/Environmental Engineer),"[section 404, clean water act, rivers and harbors act, national environmental policy act]"
2017_04,466808600,Realty Specialist,[right-of-way]
2017_04,467287100,Supervisory Forestry Technician,[environmental assessment]
2017_04,467010200,Medical Officer (OB/GYN),[section 408]
2017_04,467367000,SHEET METAL MECHANIC (AIRCRAFT/PAINTER),[environmental compliance]
2017_04,466923700,Realty Specialist,[right-of-way]
2017_04,467219300,General Engineer,[section 404]
2017_04,467072000,Lead Utilities Project Manager,[permitting]
2017_04,466805300,Realty Specialist,[rights-of-way]
2017_04,466891700,Nurse/Operating Room Nurse,[section 408]
2017_04,467380400,Dietitian,[section 408]
2017_04,466890900,Nurse/Clinical Nurse (ICU),[section 408]
2017_04,467056800,INDUSTRIAL HYGIENE TECHNICIAN,[environmental assessment]
2017_04,466888700,"Medical Officer (Family Practice), (Internal Medicine) or (Pediatrics)",[section 408]
2017_04,467327900,Diagnostic Radiologic Technologist,[section 408]
2017_04,467111400,Environmental Protection Assistant,"[permit processing, section 404, rivers and harbors act, clean water act, permit applications]"
2017_04,467286100,Environmental Resources Specialist,"[nepa, national environmental policy act, section 404, clean water act, rivers and harbors act, permit applications]"
2017_04,466898200,Interdisciplinary/Navigation Program Manager,[environmental compliance]
2017_04,466907800,Interdisciplinary,"[section 404, clean water act, rivers and harbors act, permit applications]"
2017_04,466732500,"Industrial Hygiene Technician, GS-0640-08, D1720000",[environmental assessment]
2017_04,466891200,Nurse/Clinical Nurse (OB),[section 408]
2017_04,467061300,Nursing Assistant,[section 408]
2017_04,467243900,Wildlife Biologist,[licenses and permits]
2017_04,467380300,Dietitian,[section 408]
2017_04,466891000,Nurse/Clinical Nurse (ICU),[section 408]
2017_04,467370800,Marine Biologist,"[environmental compliance, water quality certification, clean water act, nepa, national environmental policy act]"
2017_04,467328100,Diagnostic Radiologic Technologist,[section 408]
2017_04,467227800,General Engineer,[section 404]
2017_04,466859600,Realty Assistant (Office Automation),"[licenses and permits, permits and licenses]"
2017_04,467273800,Emergency Management Specialist (Mitigation),[permitting]
2017_04,467369400,SHEET METAL MECHANIC (AIRCRAFT/PAINTER),[environmental compliance]
2017_04,467331100,Biologist,"[environmental compliance, clean water act, nepa, national environmental policy act]"
2017_04,466778600,Engineering Technician (Civil),[right-of-way]
2017_04,467272600,Emergency Management Specialist (Mitigation),[permitting]
2017_04,466911500,ENVIRONMENTAL ENGINEER/ NATURAL RESOURCE SPECIALIST/ PHYSICAL SCIENTIST,[environmental compliance]
2017_04,467308200,Attorney-Adviser (General),"[rcra, permitting, cercla]"
2017_04,467173300,Environmental Resource Specialist,"[environmental compliance, water quality certification, clean water act, nepa, national environmental policy act]"
2017_04,467061500,Nursing Assistant,[section 408]
2017_04,467382300,Medical Support Assistant (OA),[section 408]
2017_04,467109900,Environmental Protection Assistant,"[permit processing, section 404, rivers and harbors act, clean water act, permit applications]"
2017_04,466890600,Nurse/Clinical Nurse (ER),[section 408]
2017_04,466891400,Nurse/Clinical Nurse (OB),[section 408]
2017_04,467136900,SHEET METAL MECHANIC (AIRCRAFT/PAINTER),[environmental compliance]
2017_04,466896900,Survey Technician,[rights-of-way]
2017_04,466928200,"General Engineer, GS-801-11/12",[environmental compliance]
2017_04,467320700,"Supervisory Fish Biologist, ZP-0482-4 (MAP)",[marine mammal protection act]
2017_04,467337600,Attorney-Adviser (General),"[clean water act, nepa, national environmental policy act]"
2017_04,467057500,Audiologist,[section 408]
2017_04,466888800,Medical Officer (Hospitalist),[section 408]
2017_04,466809700,Engineering Technician (Civil),[right-of-way]
2017_04,467201200,"Tractor Operator, NA-06",[permitting]
2017_04,467115200,Interdisciplinary,[environmental compliance]
2017_04,466793300,ENVIRONMENTAL ENGINEER / PHYSICAL SCIENTIST,[permitting]
2017_04,466890800,Nurse/Clinical Nurse (ER),[section 408]
2017_04,466552800,Realty Specialist,[rights-of-way]
2017_04,466625600,Field Operations Division Chief,[rcra]
2017_04,466891600,Nurse/Operating Room Nurse,[section 408]
2017_04,467010100,Medical Officer (OB/GYN),[section 408]
2017_04,467761600,Interdisciplinary (Regulatory Program Mgr),"[permitting, rivers and harbors act, clean water act]"
2017_04,468097000,Interdisciplinary (Regulatory),"[rivers and harbors act, clean water act]"
2017_04,467766700,Floodplain Management Specialist,[permit processing]
2017_04,467882600,AC Equipment Mechanic,[clean air act]
2017_04,467523800,"Program Analyst, GS-0343-12/FPL13 (Vessel Certification)",[cercla]
2017_04,467898000,Student Trainee (Biological Science),"[nepa, national environmental policy act]"
2017_04,467601400,Interdisciplinary,"[section 404, clean water act, rivers and harbors act, permit applications]"
2017_04,468111600,Physical Therapist,[section 408]
2017_04,468277600,Medical Officer (FP/IM/OBGYN/PEDS/ER) (DH) (Open Cont),[section 408]
2017_04,467868700,Forestry Technician (Wilderness/Trails),[nepa]
2017_04,467587300,Attorney-Adviser (General),[environmental compliance]
2017_04,467573300,Industrial Equipment Repair Inspector,[permits and licenses]
2017_04,468331400,Supv Natural Resources Specialist (Park Manager),[environmental review]
2017_04,467398200,Dietitian,[section 408]
2017_04,468185000,Industrial Hygienist (Green Environmental Management System),"[environmental compliance, national environmental policy act, permitting]"
2017_04,468101400,Master Planner,[rights-of-way]
2017_04,468033500,Plumbing Worker,[rcra]
2017_04,467479100,Medical Technician,[section 408]
2017_04,467562300,Medical Support Assistant (OA),[section 408]
2017_04,467666300,"Park Ranger (Protection), GS-0025-07",[environmental compliance]
2017_04,468180500,Nurse Practitioner GS-0610-09/11/12,[section 408]
2017_04,467548600,Regulatory Project Manager Interdisciplinary,[permit applications]
2017_04,468039300,Supervisory Contract Specialist ( Admin),[environmental compliance]
2017_04,467417800,Industrial Hygiene Technician,[environmental assessment]
2017_04,468311900,Medical Technician,[section 408]
2017_04,468094400,Medical Support Assistant (OA),[section 408]
2017_04,468010000,Environmental Resource Specialist,"[environmental compliance, water quality certification, clean water act, nepa, national environmental policy act]"
2017_04,467698500,Rangeland Management Specialist,"[environmental assessment, nepa]"
2017_04,467533600,Medical Supply Technician (Sterile Processing),[permitting]
2017_04,467846300,MARINE BIOLOGIST,"[environmental compliance, water quality certification, clean water act, nepa, national environmental policy act]"
2017_04,468388200,ELECTRONIC INDUSTRIAL CONTROLS MECHANIC,[clean air act]
2017_04,468398200,PMF - Test announcement - DO NOT APPLY FOR THIS ANNOUNCEMENT,[rcra]
2017_04,467980200,MEDICAL SUPPLY TECHNICIAN,[permitting]
2017_04,467757000,Supervisory Interdisciplinary,[environmental compliance]
2017_04,468020700,Munitions Operator (Guided Missiles) Leader,[rcra]
2017_04,467720900,Forestry Technician (Timber Sale Preparation),[nepa]
2017_04,467754600,Supervisory Program Specialist,"[nepa, national environmental policy act]"
2017_04,467721700,Rangeland Management Specialist,"[environmental assessment, nepa]"
2017_04,468064700,Student Trainee (Biology or Environmental Engineering),"[permit processing, clean water act]"
2017_04,468062800,Medical Officer (Psychiatry),[section 408]
2017_04,467705300,Supervisory Environmental Protection Specialist,"[environmental compliance, nepa, national environmental policy act]"
2017_04,467568100,Medical Support Assistant (OA),[section 408]
2017_04,467476800,Medical Technician,[section 408]
2017_04,468006900,Biological Science Technician (Temp),[national environmental policy act]
2017_04,468384900,SUPERVISORY INTERDISCIPLINARY NATURAL RESOURCE SPECIALIST/ENVIRONMENTAL ENGINEER/PHYSICAL SCIENTIST,[environmental compliance]
2017_04,468220400,Explosives Operator,[rcra]
2017_04,468316200,SHEET METAL MECHANIC (AIRCRAFT/PAINTER),[environmental compliance]
2017_04,467619200,Medical Technologist,[section 408]
2017_04,467398600,Dietitian,[section 408]
2017_04,467697000,Environmental Engineer,"[environmental assessment, nepa, safe drinking water act, national environmental policy act, clean air act, clean water act, cercla, rcra, environmental compliance]"
2017_04,467638300,Interdisciplinary,"[national environmental policy act, section 404, nepa, clean water act, permit applications]"
2017_04,467721900,Rangeland Management Specialist,"[environmental assessment, nepa]"
2017_04,467611000,Food Service Worker,[section 408]
2017_04,467445400,Health Technician (Fitness),[section 408]
2017_04,468177000,Billing Technician,[section 408]
2017_04,467789200,Interdisciplinary (Regulatory Project Manager),"[nepa, national environmental policy act, section 404, rivers and harbors act, clean water act, permit applications]"
2017_04,467868600,Lock and Dam Operator,[right-of-way]
2017_04,468212600,Emergency Management Specialist (Recovery),[environmental assessment]
2017_04,467793800,SHEET METAL MECHANIC (AIRCRAFT/PAINTER),[environmental compliance]
2017_04,467776600,"Tractor Operator, NA-06",[permitting]
2017_04,467698400,Rangeland Management Specialist,"[environmental assessment, nepa]"
2017_04,467759400,Facilities and Equipment Manager,[environmental compliance]
2017_04,468312200,Medical Technician,[section 408]
2017_04,467908600,Environmental Protection Specialist,[environmental compliance]
2017_04,467619900,Medical Technologist,[section 408]
2017_04,467757500,Electronic Industrial Controls Mechanic,[right-of-way]
2017_04,468180800,Nurse Practitioner GS-0610-09/11/12,[section 408]
2017_04,467750800,Medical Officer (Emergency Medicine),[section 408]
2017_04,467399300,GENERAL ENGINEER,[environmental compliance]
2017_04,467843300,Housekeeping Aide,[section 408]
2017_04,468212400,AIR CONDITIONING EQUIPMENT MECHANIC,[clean air act]
2017_04,468111500,Physical Therapist,[section 408]
2017_04,467855000,Electrician,[rcra]
2017_04,468266700,Environmental Protection Specialist,[rcra]
2017_04,467714000,Safety and Occupational Health Manager,[environmental compliance]
2017_04,468279000,Environmental Protection Specialist,[rcra]
2017_04,467803000,Munitions Operator (Guided Missiles) Leader,[rcra]
2017_04,467890900,Dental Hygienist,[section 408]
2017_04,468062500,Medical Officer (Psychiatry),[section 408]
2017_04,467759000,Facilities and Equipment Manager,[environmental compliance]
2017_04,467783200,Interdisciplinary (Regulatory Project Manager),"[nepa, national environmental policy act, section 404, rivers and harbors act, clean water act, permit applications]"
2017_04,468347800,Safety and Occupational Health Specialist,[environmental compliance]
2017_04,467607000,Land Surveyor,[right-of-way]
2017_04,468213200,Emergency Management Specialist (Recovery),[environmental assessment]
2017_04,467431100,SUPERVISORY NATURAL RESOURCES SPECIALIST/ENVIRONMENTAL ENGINEER/PHYSICAL SCIENTIST,[environmental compliance]
2017_04,468294000,ENVIRONMENTAL PROTECTION SPECIALIST,[environmental compliance]
2017_04,467719700,Archeologist,[section 106]
2017_04,468347600,Safety and Occupational Health Specialist,[environmental compliance]
2017_04,468175000,Ecologist,"[nepa, national environmental policy act]"
2017_04,467809400,Interdisciplinary (Regulatory Project Manager) (Recent Graduate),"[rivers and harbors act, national environmental policy act, section 404, clean water act, nepa, permit applications]"
2017_04,467604400,General Attorney,[national environmental policy act]
2017_04,467750200,Medical Officer (Emergency Medicine),[section 408]
2017_04,467614800,Environmental Engineer/Environmental Scientist/Life Scientist,[environmental compliance]
2017_04,467647500,Supervisory Natural Resources Management Specialist,[environmental compliance]
2017_04,467728800,Airway Transportation Systems Specialist,[environmental compliance]
2017_04,467890700,Dental Hygienist GS-0682-5/6/7,[section 408]
2017_04,468392700,Pharmacy Technician,[section 408]
2017_04,467758000,Supervisory Interdisciplinary,[environmental compliance]
2017_04,467620000,Attorney-Adviser,"[national environmental policy act, clean water act]"
2017_04,468219600,"Park Ranger (Protection), GS-0025-05",[environmental compliance]
2017_04,468625600,Engineering Technician (Civil),[right-of-way]
2017_04,468609000,Supervisory Clinical Nurse (ED Manager),[section 408]
2017_04,468467400,Air Condition  Equipment Mechanic,[clean air act]
2017_04,468419100,General Enginner,[permitting]
2017_04,468564400,Supervisory Medical Support Assistant (OA),[section 408]
2017_04,468488000,INDUSTRIAL HYGIENE TECHNICIAN,[environmental compliance]
2017_04,468424700,Engineering Technician (Civil),[right-of-way]
2017_04,468440400,Student Trainee (Ecologist),[environmental compliance]
2017_04,468432800,Life/Health/Safety and Environmental Compliance Manager  (NF-04),[environmental compliance]
2017_04,468616100,Student Trainee (Realty),[right-of-way]
2017_04,468704300,Medical Records Technician (OA) - Billing,[section 408]
2017_04,468622900,POWERED SUPPORT SYSTEMS MECHANIC,[permitting]
2017_04,468765500,Medical Support Assistant (OA),[section 408]
2017_04,468627000,Engineering Technician (Civil),[national environmental policy act]
2017_04,468524100,Facilities and Equipment Manager,[environmental compliance]
2017_04,468604100,SHEET METAL MECHANIC (AIRCRAFT/PAINTER),[environmental compliance]
2017_04,468457100,Interdisciplinary,"[nepa, national environmental policy act, section 404, permit applications, rivers and harbors act, clean water act]"
2017_04,468704700,Medical Records Technician (OA) - Billing,[section 408]
2017_04,468619600,Medical Technician (Laboratory),[section 408]
2017_04,468805800,Community Health Dental Hygienist,[section 408]
2017_04,468608800,Medical Support Assistant,[section 408]
2017_04,468626400,Interdisciplinary,[environmental compliance]
2017_04,468525900,Supervisory Interdisciplinary,[environmental compliance]
2017_04,468619800,ENVIRONMENTAL PROTECTION SPECIALIST,"[environmental compliance, permitting]"
2017_04,468718000,Financial Management Specialist,[permitting]
2017_04,468708000,Lineman,[right-of-way]
2017_04,468666300,ENVIROMENTAL PROTECTION SPECIALIST,"[environmental assessment, national environmental policy act, environmental compliance, nepa, permitting]"
2017_04,468611600,Supervisory Budget Analyst,[section 408]
2017_04,468516900,SHEET METAL MECHANIC (AIRCRAFT/PAINTER),[environmental compliance]
2017_04,468564500,Supervisory Medical Support Assistant (OA),[section 408]
2017_04,468721600,SUPPLY MANAGEMENT SPECIALIST,[environmental compliance]
2017_04,468621000,POWERED SUPPORT SYSTEMS MECHANIC,[permitting]
2017_04,468467900,REALTY SPECIALIST,[permitting]
2017_04,468609100,Supervisory Clinical Nurse (ED Manager),[section 408]
2017_04,468552500,Environmental Protection Specialist,"[environmental compliance, environmental review, nepa, environmental assessment, national environmental policy act]"
2017_04,468439100,Interdisciplinary (Biologist or Environmental Engineer - Regulatory),[rivers and harbors act]
2017_04,468618100,Medical Technician (Laboratory),[section 408]
2017_04,468482500,Biological Science Technician (Temp),[national environmental policy act]
2017_04,468504300,DISTR FACILITIES MGR,[environmental compliance]
2017_04,468544000,Airway Transportation System Specialist(Coordinator),[environmental compliance]
2017_04,468630400,HEALTH PHYSICIST,[environmental compliance]
2017_04,468524800,Supervisory Interdisciplinary,[environmental compliance]
2017_04,468614000,INTERDISCIPLINARY (CULTURAL RESOURCES SPECIALIST),"[nepa, national environmental policy act]"
2017_04,468563200,Supervisory Interdisciplinary (Biologist/Environmental Engineer),"[national environmental policy act, section 404, clean water act, rivers and harbors act]"
2017_04,468513400,"General Engineer, GS-0801-12",[environmental compliance]
2017_04,468789000,Safety Technician,[nepa]
2017_04,468616600,INDUSTRIAL HYGIENIST,[environmental assessment]
2017_04,468401600,Realty Specialist,[rights-of-way]
2017_04,468525400,Facilities and Equipment Manager,[environmental compliance]
2017_04,468707200,Lineman,[right-of-way]
2017_04,475252200,"National Bank Examiner/Bank Examiner (Community Reinvestment Act), NB-0570-V",[permitting]
2017_05,446763600,Lead Legal Instruments Examiner,[rights-of-way]
2017_05,460932600,Supervisory Environmental Engineer,"[environmental compliance, clean air act, clean water act]"
2017_05,462718200,Supervisory Range Technician,[nepa]
2017_05,463634700,Archeologist,[section 106]
2017_05,453635400,Legal Instruments Examiner,[permit applications]
2017_05,462870800,Lease Compliance Technician,[rights-of-way]
2017_05,465460200,EXPLOSIVE ORDNANCE TECHNICIAN,[rcra]
2017_05,468070400,Forestry Technician (Wilderness/Trails),[special use permit]
2017_05,468329400,STUDENT TRAINEE (INTERDISCIPLINARY) PATHWAYS INTERNSHIP,[permit processing]
2017_05,467561200,Interdisciplinary,"[clean water act, national environmental policy act]"
2017_05,468870300,Environmental Engineer (PI5103),"[nepa, national environmental policy act]"
2017_05,468941800,"Supervisory National Bank Examiner (Assistant Deputy Comptroller), NB-0570-VII",[permitting]
2017_05,468897900,Senior Advisor,[rights-of-way]
2017_05,469082600,Wildlife Biologist,[national environmental policy act]
2017_05,468872700,Forestry Technician (Timber Stand Improvement/Firearms),[nepa]
2017_05,469012900,"Natural Resources Specialist, GS-0401-07/09/11 (DEU)(AG)","[clean water act, categorical exclusion, nepa]"
2017_05,468873500,Supervisory Pharmacist,[section 408]
2017_05,468858200,Supervisory Environmental Scientist,[nepa]
2017_05,469301400,Regulatory Project Manager (Interdisplinary),"[permit applications, environmental compliance]"
2017_05,468826700,Engineering Technician (Civil),[rights-of-way]
2017_05,469203600,GENERAL ENGINEER,"[environmental compliance, nepa]"
2017_05,469116400,Environmental Engineer,"[environmental review, environmental compliance]"
2017_05,469202800,Environmental Engineer,[environmental compliance]
2017_05,468857100,Biological Science Technician,[national environmental policy act]
2017_05,469308400,Supervisory Forestry Technician (Fire),[nepa]
2017_05,468911100,Clerk of Court,[permitting]
2017_05,468789700,Natural Resources Specialist,[environmental compliance]
2017_05,469282900,Natural Resources Specialist,[environmental compliance]
2017_05,469267700,Production Machinery Mechanic,[rcra]
2017_05,469341100,PHYSICAL SCIENTIST,[environmental compliance]
2017_05,468980000,"General Engineer, GS-801-11/12",[environmental compliance]
2017_05,469065200,Plant Protection and Quarantine Officer (Plant Health Safeguarding Specialist),[permitting]
2017_05,468871300,Supervisory Interdisciplinary (Biologist/Environmental Engineer),"[national environmental policy act, section 404, clean water act, rivers and harbors act]"
2017_05,469143800,"Motor Carrier Safety Spec.(Border Inspector), ""P"" GS-2123-5/7/9 (Open to US Citizens) HK",[permitting]
2017_05,468999000,"Supervisory Natural Resources Specialist, GS-0401-12 (ICTAP)(LL)","[environmental compliance, nepa, national environmental policy act]"
2017_05,469119900,Biological Science Laboratory Technician,[permitting]
2017_05,469281700,Secretary (OA),[environmental compliance]
2017_05,468516200,"Park Ranger (Protection), GL-0025-07/09",[environmental compliance]
2017_05,468913100,Medical Technologist,[section 408]
2017_05,468560900,INDUSTRIAL HYGIENE TECHNICIAN,[environmental assessment]
2017_05,469353100,Hydrologist (DEU-MW),[environmental compliance]
2017_05,468989400,POWERED SUPPORT SYSTEMS MECHANIC SUPERVISOR,[permitting]
2017_05,468908500,Forestry Technician (Wilderness/Trails),[nepa]
2017_05,468797200,Wildlife Biologist,[national environmental policy act]
2017_05,468449000,HAZARDOUS WASTE DISPOSER (MVO),"[rcra, environmental compliance]"
2017_05,468748700,Civil Engineer (Highway) - GS - 0810 -11/12 (Open to Status and VEOA Applicants) BP,[nepa]
2017_05,469151600,Materials Handler,[environmental compliance]
2017_05,469256000,Engineering Technician (Civil),[national environmental policy act]
2017_05,469360600,SHEET METAL MECHANIC (AIRCRAFT/PAINTER) SUPERVISOR,[environmental compliance]
2017_05,469361800,Fish Biologist,[national environmental policy act]
2017_05,469143200,"Motor Carrier Safety Spec.(Border Inspector),""P"" GS-2123-5/7/9 (Open to Status & VEOA Applicants) HK",[permitting]
2017_05,469361400,Emergency Management Specialist (Mitigation),[permitting]
2017_05,468835500,SHEET METAL MECHANIC (AIRCRAFT/PAINTER),[environmental compliance]
2017_05,469053800,Lock and Dam Operator,[right-of-way]
2017_05,468981400,"General Engineer, GS-801-11/12",[environmental compliance]
2017_05,469107200,Optometrist (Clinical),[section 408]
2017_05,468981800,INDUSTRIAL HYGIENIST,"[environmental compliance, environmental assessment]"
2017_05,468959200,Environmental Protection Specialist,"[clean water act, clean air act, national environmental policy act]"
2017_05,469352100,Hydrologist (MPP-MW),[environmental compliance]
2017_05,468736200,ENVIRONMENTAL  ENGINEER,[permit applications]
2017_05,468789100,Natural Resources Specialist,[environmental compliance]
2017_05,469277800,Engineering Technician (Civil),[right-of-way]
2017_05,468902800,Environmental Engineer,[environmental compliance]
2017_05,469260900,Realty Specialist,[nepa]
2017_05,468825000,Environmental Protection Specialist,"[clean water act, clean air act, environmental compliance]"
2017_05,469106900,Optometrist (Clinical),[section 408]
2017_05,468826600,Engineering Technician (Civil),[rights-of-way]
2017_05,469273300,Natural Resources Specialist,[environmental compliance]
2017_05,469046400,Medical Support Assistant (OA),[section 408]
2017_05,468942300,"National Bank Examiner/Bank Examiner (Commercial Credit), NB-0570-VI",[permitting]
2017_05,469012800,"Hydrologic Technician, GS-1316-09 (ICTAP)(AG)","[clean water act, biological opinion]"
2017_05,469014700,Supervisory Enviornmental Engineer,"[national environmental policy act, rcra, cercla, nepa, permitting]"
2017_05,469312300,Rangeland Management Specialist,"[permit applications, nepa]"
2017_05,469127400,SHEET METAL MECHANIC (AIRCRAFT/PAINTER),[environmental compliance]
2017_05,468918200,Environmental Protection Specialist,[environmental compliance]
2017_05,468946400,"Supervisory National Bank Examiner (Risk Officer), NB-0570-VII",[permitting]
2017_05,469012600,"Natural Resources Specialist, GS-0401-07/09/11 (MPP)(AG)","[clean water act, categorical exclusion, nepa]"
2017_05,468942100,"National Bank Examiner/Bank Examiner (Mortgage Banking), NB-0570-V",[permitting]
2017_05,469384100,Planning & Environmental Coordinator,[nepa]
2017_05,469179000,"Motor Carrier Safety Spec.(Border Inspector),""P"" GS-2123-5/7/9 (Open to Status & VEOA Applicants) HK",[permitting]
2017_05,468825200,Environmental Protection Specialist,"[clean water act, clean air act, environmental compliance]"
2017_05,469182300,Medical Support Assistant (OA),[section 408]
2017_05,469105100,Interdisciplinary Regulatory Specialist/Physical Scientist,"[section 404, rivers and harbors act, clean water act, permit applications]"
2017_05,469259400,Realty Specialist,[nepa]
2017_05,468754900,Wildlife Biologist,[national environmental policy act]
2017_05,469179400,"Motor Carrier Safety Spec.(Border Inspector), ""P"" GS-2123-5/7/9 (Open to US Citizens) HK",[permitting]
2017_05,468870800,Environmental Engineer (PI5103),"[nepa, national environmental policy act]"
2017_05,468748800,Civil Engineer (Highway) - GS - 0810 -11/12 (Open to U.S. Citizens) BP,[nepa]
2017_05,468547600,Interdisciplinary,"[rivers and harbors act, permit applications]"
2017_05,468699400,Civil Engineer (Recent Graduate),[permitting]
2017_05,469307000,Regulatory Project Manager (Interdisciplinary),"[permit applications, clean water act]"
2017_05,469385700,Forestry Technician (Wilderness/Trails),[nepa]
2017_05,468418400,Electrician,[rcra]
2017_05,468869800,Wildlife Biologist,[national environmental policy act]
2017_05,468824400,Environmental Protection Specialist,"[clean water act, clean air act, environmental compliance]"
2017_05,468904100,Student Trainee (Legal) (Internship),"[section 404, clean water act, permitting, rivers and harbors act]"
2017_05,469052900,POWERED SUPPORT SYSTEMS MECHANIC,[permitting]
2017_05,468430900,Plumbing Worker,[rcra]
2017_05,468913000,Medical Technologist,[section 408]
2017_05,468746500,Attorney-Adviser (General),"[rcra, clean water act, clean air act, cercla]"
2017_05,469101200,Plant Protection and Quarantine Officer (Plant Health Safeguarding Specialist),[permitting]
2017_05,469162000,Wildlife Biologist,[national environmental policy act]
2017_05,469216600,Supervisory Interdisciplinary,[environmental compliance]
2017_05,468504500,Environmental Engineer,[rcra]
2017_05,469162200,Environmental Protection Specialist,"[environmental review, environmental compliance]"
2017_05,468966300,Smuggling Interdiction and Trade Compliance Officer,[permitting]
2017_05,469163000,Production Machinery Mechanic,[rcra]
2017_05,468980700,Maintenance Mechanic Leader,[environmental review]
2017_05,468841700,"Smuggling, Interdiction and Trade Compliance (SITC) Officer",[permitting]
2017_05,468824600,Environmental Protection Specialist,"[clean water act, clean air act, environmental compliance]"
2017_05,469332800,PMF - Test announcement - DO NOT APPLY FOR THIS ANNOUNCEMENT,[rcra]
2017_05,469065500,PARALEGAL SPECIALIST,[clean water act]
2017_05,469145000,Plant Protection and Quarantine Officer (Plant Health Safeguarding Specialist),[permitting]
2017_05,469361500,Emergency Management Specialist (Mitigation),[permitting]
2017_05,468626500,PARK RANGER (PROTECTION),[environmental compliance]
2017_05,468793600,Engineering Technician (Civil),[environmental compliance]
2017_05,469268300,Interdisciplinary,"[rivers and harbors act, clean water act]"
2017_05,470081200,SUPERVISORY COMMUNITY PLANNER/NATURAL RESOURCE SPECIALIST/ENVIRONMENTAL ENGINEER/PHYSICAL SCIENTIST,[environmental compliance]
2017_05,469535200,National Bank Examiner/Bank Examiner (Bank Information Technology),[permitting]
2017_05,469810400,Environmental Engineer,[npdes]
2017_05,469884000,Environmental Engineer/Physical Scientist/Environmental Scientist,[cercla]
2017_05,469415700,Physical Therapist,[section 408]
2017_05,469923700,Wildlife Biologist,[national environmental policy act]
2017_05,470247400,Interdisciplinary (Engineer/Physical Scientist),[environmental compliance]
2017_05,469715000,"Bridge Management Specialist, GS-2101-11/12/13","[nepa, national environmental policy act]"
2017_05,469922900,"National Bank Examiner (Director for International Banking Supervision), NB-570-VII",[permitting]
2017_05,470178300,Realty Specialist,"[national environmental policy act, rights-of-way]"
2017_05,470148000,Civil Engineer,[right-of-way]
2017_05,469686300,Archeologist,[nepa]
2017_05,469809800,Environmental Engineer (Recent Graduate),[npdes]
2017_05,470102100,Supervisory Environmental Protection Specialist,[environmental compliance]
2017_05,470018100,Forestry Technician (Recreation),[special use permit]
2017_05,469649400,Pharmacy Technician,[section 408]
2017_05,469512000,Interdisciplinary (Environmental Manager),"[dredge and fill, environmental compliance]"
2017_05,469612900,Forestry Technician (Wilderness/Trails),[nepa]
2017_05,470107600,Natural Resources Specialist,"[permitting, permit applications]"
2017_05,469548300,POWERED SUPPORT SYSTEMS MECHANIC,[permitting]
2017_05,469511400,Interdisciplinary (Environmental Manager),"[dredge and fill, environmental compliance]"
2017_05,469995600,Minerals Assistant,[permit to drill]
2017_05,470352500,LIQUID FUEL ROCKET ENGINE MECHANIC SUPERVISOR,[environmental compliance]
2017_05,469983500,Student Trainee (Environmental) (PW-MW),"[clean water act, clean air act, national environmental policy act, environmental compliance]"
2017_05,470187500,INTERDISCIPLINARY SUPV COMMUNITY PLANNER (ENVIRONMENTAL),[environmental compliance]
2017_05,469512200,Interdisciplinary,[environmental compliance]
2017_05,469481100,Supervisory Interdisciplinary,"[section 404, clean water act, rivers and harbors act]"
2017_05,469525000,TRIAL ATTORNEY (Inverse Condemnation),"[coastal zone management act, national environmental policy act]"
2017_05,469466700,"Marine Mammal Specialist, ZP-0401-02 (MAP)",[marine mammal protection act]
2017_05,470301800,Interdisciplinary,[environmental assessment]
2017_05,470015400,Area Chief Medical Officer,[section 408]
2017_05,469716800,"Bridge Management Specialist, GS-2101-11/12/13","[nepa, national environmental policy act]"
2017_05,469534200,"Fish Biologist, ZP-0482-02 (DE/CR)","[nepa, marine mammal protection act]"
2017_05,470226000,Research Biologist,[national environmental policy act]
2017_05,469415900,Realty Specialist,[nepa]
2017_05,469934400,Environmental Protection Specialist,"[environmental review, environmental compliance]"
2017_05,469449700,Lead Environmental Protection Specialist,"[nepa, national environmental policy act]"
2017_05,470199400,Outdoor Recreation Planner,"[national environmental policy act, rights-of-way]"
2017_05,469814100,Supv. Interdisicplinary Archeologist/Biologist/Wildlife Biologist/Architect/Geologist,[nepa]
2017_05,469463200,Interdisciplinary (0401/0408/0819/1301),"[nepa, national environmental policy act]"
2017_05,470034100,Forestry Technician (Wilderness/Trails),[nepa]
2017_05,470331300,Environmental Engineer,[environmental compliance]
2017_05,470098400,Supervisory Life Scientist/Environmental Engineer/Physical Scientist,"[clean water act, cercla]"
2017_05,469468200,PLANT PROTCTN & QUAR OFFCR,[permitting]
2017_05,469603300,Interdisciplinary,[clean water act]
2017_05,469416700,"General Engineer, GS-0801-12",[environmental compliance]
2017_05,469936800,"REALTY SPECIALIST (CONTRACTS MANAGEMENT), GS-1170-11","[leasing and permitting, nepa, rights-of-way]"
2017_05,470233100,Dietitian,[section 408]
2017_05,470328300,Lead Telehealth Clinical Technician,[permitting]
2017_05,469508000,Planning and Environmental Coordinator,[nepa]
2017_05,469810200,Environmental Engineer,[npdes]
2017_05,469749800,Environmental Protection Specialist,[environmental compliance]
2017_05,469621800,Environmental Engineer,[environmental compliance]
