year,month,title,agency,department,series,link,usajobsControlNumber
2026,2026_04,"Analyst to the DC, NB-0570-VI.2",Department of the Treasury,Department of the Treasury,0570,https://www.usajobs.gov/job/866200600,866200600
2026,2026_04,Attorney Advisor (International) (Public Notice Flyer),Department of Commerce,Department of Commerce,0905,https://www.usajobs.gov/job/866845800,866845800
2026,2026_04,Chief Ranger,Department of the Interior,Department of the Interior,0025,https://www.usajobs.gov/job/863931600,863931600
2026,2026_04,Civil Engineer - Facilities - Entry to Experienced Level (Maryland),Department of Defense,Department of Defense,0132,https://www.usajobs.gov/job/864185800,864185800
2026,2026_04,Deputy Assistant Secretary for Transportation Policy,Department of Transportation,Department of Transportation,0340,https://www.usajobs.gov/job/867064200,867064200
2026,2026_04,Deputy Associate Administrator for Policy and Programs ,Department of Transportation,Department of Transportation,0340,https://www.usajobs.gov/job/866391900,866391900
2026,2026_04,"Deputy Comptroller, NB-0570-VIII",Department of the Treasury,Department of the Treasury,0570,https://www.usajobs.gov/job/866682200,866682200
2026,2026_04,"Deputy Director, Marine Corps Marathon NF5 Regular Full-Time",Department of the Navy,Department of the Navy,1101,https://www.usajobs.gov/job/864625400,864625400
2026,2026_04,"Deputy Manager, Carlsbad Field Office",Department of Energy,Department of Energy,0340,https://www.usajobs.gov/job/863409000,863409000
2026,2026_04,"Director (Chartering), NB-0570-VII",Department of the Treasury,Department of the Treasury,0570,https://www.usajobs.gov/job/866829100,866829100
2026,2026_04,"Director (Chartering), NB-0570-VII",Department of the Treasury,Department of the Treasury,0570,https://www.usajobs.gov/job/866828700,866828700
2026,2026_04,"Director for International Banking Supervision, NB-0570-VII",Department of the Treasury,Department of the Treasury,0570,https://www.usajobs.gov/job/866313000,866313000
2026,2026_04,"Director, Compensation and Benefits-NB-201-VII",Department of the Treasury,Department of the Treasury,0201,https://www.usajobs.gov/job/865011200,865011200
2026,2026_04,"Director, Office of Budget and Program Performance ",Department of Transportation,Department of Transportation,0505,https://www.usajobs.gov/job/864792200,864792200
2026,2026_04,"Director, Talent Acquisition, NB-201-VII",Department of the Treasury,Department of the Treasury,0201,https://www.usajobs.gov/job/865010600,865010600
2026,2026_04,"Director, Workforce Relations and Performance Management, NB-0201-VII",Department of the Treasury,Department of the Treasury,0201,https://www.usajobs.gov/job/865011000,865011000
2026,2026_04,Education Manager,Other Agencies and Independent Organizations,Other Agencies and Independent Organizations,1701,https://www.usajobs.gov/job/866361300,866361300
2026,2026_04,Environmental Protection Specialist,Department of Veterans Affairs,Department of Veterans Affairs,0028,https://www.usajobs.gov/job/867203400,867203400
2026,2026_04,Environmental Protection Specialist,Department of Defense,Department of Defense,0028,https://www.usajobs.gov/job/867418300,867418300
2026,2026_04,Environmental Protection Specialist,Department of Veterans Affairs,Department of Veterans Affairs,0028,https://www.usajobs.gov/job/863517600,863517600
2026,2026_04,Environmental Protection Specialist - Green Environmental  Management Systems (GEMS) Coordinator,Department of Veterans Affairs,Department of Veterans Affairs,0028,https://www.usajobs.gov/job/865407300,865407300
2026,2026_04,FUL - Park Ranger (Events Compliance Monitor),Department of the Interior,Department of the Interior,0025,https://www.usajobs.gov/job/864662200,864662200
2026,2026_04,Healthcare Engineer-GEMS Coordinator/Project Engineer,Department of Veterans Affairs,Department of Veterans Affairs,0801,https://www.usajobs.gov/job/864604000,864604000
2026,2026_04,Historic Preservation Specialist,Other Agencies and Independent Organizations,Other Agencies and Independent Organizations,1001,https://www.usajobs.gov/job/864451100,864451100
2026,2026_04,Historic Preservation Specialist,Other Agencies and Independent Organizations,Other Agencies and Independent Organizations,1001,https://www.usajobs.gov/job/864451700,864451700
2026,2026_04,Manager for Internal Communications-NB-1035-VI,Department of the Treasury,Department of the Treasury,1035,https://www.usajobs.gov/job/863888400,863888400
2026,2026_04,Physical Science Technician,Department of Agriculture,Department of Agriculture,1311,https://www.usajobs.gov/job/865694700,865694700
2026,2026_04,Plant Protection Technician (TERM),Department of Agriculture,Department of Agriculture,0421,https://www.usajobs.gov/job/867291700,867291700
2026,2026_04,Program Manager,Department of the Army,Department of the Army,0340,https://www.usajobs.gov/job/866899500,866899500
2026,2026_04,REALTY SPECIALIST,Department of Homeland Security,Department of Homeland Security,1170,https://www.usajobs.gov/job/864217300,864217300
2026,2026_04,Safety & Occupational Health Specialist (GEMS Coordinator),Department of Veterans Affairs,Department of Veterans Affairs,0018,https://www.usajobs.gov/job/865247900,865247900
2026,2026_04,"Senior Advisor to the SDC, NB-0570-VII",Department of the Treasury,Department of the Treasury,0570,https://www.usajobs.gov/job/866213100,866213100
2026,2026_04,"Senior Management and Program Analyst, NB-343-VI",Department of the Treasury,Department of the Treasury,0343,https://www.usajobs.gov/job/866904100,866904100
2026,2026_04,Special Events Program Coordinator,Department of the Interior,Department of the Interior,0301,https://www.usajobs.gov/job/864780000,864780000
2026,2026_04,Student Trainee (Auditor),Other Agencies and Independent Organizations,Other Agencies and Independent Organizations,0599,https://www.usajobs.gov/job/865097400,865097400
2026,2026_04,Supervisory Events & Space Use Coordinator,Department of Defense,Department of Defense,1101,https://www.usajobs.gov/job/863871300,863871300
2026,2026_04,Supervisory Life Scientist/Environmental Engineer/Physical Scientist (Branch Manager),Other Agencies and Independent Organizations,Other Agencies and Independent Organizations,0401 | 0819 | 1301,https://www.usajobs.gov/job/864190000,864190000
2026,2026_04,"Supervisory National Bank Examiner (Examiner-In-Charge), NB-570-VII.2",Department of the Treasury,Department of the Treasury,0570,https://www.usajobs.gov/job/866346900,866346900
2026,2026_04,Supervisory Park Ranger/Law Enforcement Specialist,Department of the Interior,Department of the Interior,0025,https://www.usajobs.gov/job/866136900,866136900
2026,2026_05,ATTORNEY-ADVISOR (LABOR),Defense Commissary Agency,Department of Defense,0905,https://www.usajobs.gov/job/870838100,870838100
2026,2026_05,Attorney Advisor (Senior Counsel),Department of Agriculture,Department of Agriculture,0905,https://www.usajobs.gov/job/868542800,868542800
2026,2026_05,Diagnostic Radiologic Technologist,Department of Veterans Affairs,Department of Veterans Affairs,0647,https://www.usajobs.gov/job/868122000,868122000
2026,2026_05,Environmental Protection Specialist,Department of Veterans Affairs,Department of Veterans Affairs,0028,https://www.usajobs.gov/job/868296700,868296700
2026,2026_05,Environmental Protection Specialist (Direct Hire),National Aeronautics and Space Administration,National Aeronautics and Space Administration,0028,https://www.usajobs.gov/job/867250800,867250800
2026,2026_05,"Equal Employment Specialist, NB-0260-V (ICTAP/CTAP/VEOA Eligibles)",Office of the Comptroller of the Currency,Department of the Treasury,0260,https://www.usajobs.gov/job/870755900,870755900
2026,2026_05,Field Unit Local Authority (FUL) - Seasonal Management and Program Analyst,National Park Service,Department of the Interior,0343,https://www.usajobs.gov/job/868833600,868833600
2026,2026_05,Industrial Hygienist,Veterans Health Administration,Department of Veterans Affairs,0690,https://www.usajobs.gov/job/868941800,868941800
2026,2026_05,Industrial Hygienist,Veterans Health Administration,Department of Veterans Affairs,0690,https://www.usajobs.gov/job/870785500,870785500
2026,2026_05,Lead Backcountry Visitor Technician,National Park Service,Department of the Interior,0303,https://www.usajobs.gov/job/869327300,869327300
2026,2026_05,Life Scientist/Environmental Engineer/Physical Scientist,Other Agencies and Independent Organizations,Other Agencies and Independent Organizations,0401 | 0819 | 1301,https://www.usajobs.gov/job/867695200,867695200
2026,2026_05,MARINE TRAFFIC CONTROLLER,U.S. Army Corps of Engineers,Department of the Army,2101,https://www.usajobs.gov/job/869789300,869789300
2026,2026_05,"National Bank Examiner (Regional & Midsize Examiner-in-Charge), NB-0570-VI.2 (Temporary NTE 1 Year)",Office of the Comptroller of the Currency,Department of the Treasury,0570,https://www.usajobs.gov/job/870529200,870529200
2026,2026_05,PETROLEUM ENGINEER WELL OPS COORD,Bureau of Safety and Environmental Enforcement,Department of the Interior,0881,https://www.usajobs.gov/job/869849600,869849600
2026,2026_05,Permitting Policy Student Volunteer,Federal Permitting Improvement Steering Council,Other Agencies and Independent Organizations,0099,https://www.usajobs.gov/job/870758300,870758300
2026,2026_05,Permitting Technology Student Volunteer,Federal Permitting Improvement Steering Council,Other Agencies and Independent Organizations,0099,https://www.usajobs.gov/job/870757300,870757300
2026,2026_05,Plant Protection Technician,Department of Agriculture,Department of Agriculture,0421,https://www.usajobs.gov/job/867475400,867475400
2026,2026_05,Program and Policy Analyst,National Oceanic and Atmospheric Administration,Department of Commerce,0301,https://www.usajobs.gov/job/869023800,869023800
2026,2026_05,Program and Policy Analyst,National Oceanic and Atmospheric Administration,Department of Commerce,0301,https://www.usajobs.gov/job/869024100,869024100
2026,2026_05,Seasonal Park Ranger,Department of the Interior,Department of the Interior,0025,https://www.usajobs.gov/job/868610300,868610300
2026,2026_05,"Supervisory NBE/BE (LB Team Lead) w/emphasis in Commercial Credit, NB-0570-VII",Office of the Comptroller of the Currency,Department of the Treasury,0570,https://www.usajobs.gov/job/869749200,869749200
2026,2026_05,"Supervisory National Bank Examiner (Examiner-in-Charge), NB-570-VII.2",Department of the Treasury,Department of the Treasury,0570,https://www.usajobs.gov/job/868367800,868367800
2026,2026_06,Agriculturist (Containment Scientist) / Agriculturist (Senior Regulatory Policy Specialist),Animal and Plant Health Inspection Service,Department of Agriculture,0401,https://www.usajobs.gov/job/874774900,874774900
2026,2026_06,Agriculturist (Permit Policy Specialist/Quantitative Risk Analyst),Animal and Plant Health Inspection Service,Department of Agriculture,0401,https://www.usajobs.gov/job/874773500,874773500
2026,2026_06,Agriculturist/Biologist,Animal and Plant Health Inspection Service,Department of Agriculture,0401,https://www.usajobs.gov/job/874690700,874690700
2026,2026_06,Associate Director for Infrastructure,National Park Service,Department of the Interior,0340,https://www.usajobs.gov/job/871958700,871958700
2026,2026_06,"Attorney Advisor (Bank Advisory), NB-905-V/VI",Office of the Comptroller of the Currency,Department of the Treasury,0905,https://www.usajobs.gov/job/871455000,871455000
2026,2026_06,"Attorney Advisor (Enforcement), NB-905-V/VI",Office of the Comptroller of the Currency,Department of the Treasury,0905,https://www.usajobs.gov/job/873074800,873074800
2026,2026_06,"Attorney Advisor (Litigation), NB-0905-VI",Office of the Comptroller of the Currency,Department of the Treasury,0905,https://www.usajobs.gov/job/872638500,872638500
2026,2026_06,COMMUNITY PLANNER,"Commander, Navy Installations Command",Department of the Navy,0020,https://www.usajobs.gov/job/873214500,873214500
2026,2026_06,"Counsel (Litigation), NB-0905-VI",Office of the Comptroller of the Currency,Department of the Treasury,0905,https://www.usajobs.gov/job/872638700,872638700
2026,2026_06,"Deputy Comptroller for Administrative Operations, NB-0301-VIII",Office of the Comptroller of the Currency,Department of the Treasury,0301,https://www.usajobs.gov/job/874347100,874347100
2026,2026_06,"Deputy Comptroller, NB-0570-VIII",Office of the Comptroller of the Currency,Department of the Treasury,0570,https://www.usajobs.gov/job/874358800,874358800
2026,2026_06,"Director for Compensation and Benefits, NB-0201-VII",Office of the Comptroller of the Currency,Department of the Treasury,0201,https://www.usajobs.gov/job/873724000,873724000
2026,2026_06,"Director for Talent Acquisitions, NB-0201-VII",Office of the Comptroller of the Currency,Department of the Treasury,0201,https://www.usajobs.gov/job/873724200,873724200
2026,2026_06,"Director for Workforce Relations and Performance Management, NB-0201-VII",Office of the Comptroller of the Currency,Department of the Treasury,0201,https://www.usajobs.gov/job/874131600,874131600
2026,2026_06,ENVIRONMENTAL PROTECTION SPECIALIST,U.S. Marine Corps,Department of the Navy,0028,https://www.usajobs.gov/job/873145300,873145300
2026,2026_06,Environmental Care Specialist,Veterans Health Administration,Department of Veterans Affairs,0301,https://www.usajobs.gov/job/873653000,873653000
2026,2026_06,Environmental Engineer - GEMS Coordinator,Veterans Health Administration,Department of Veterans Affairs,0819,https://www.usajobs.gov/job/871849600,871849600
2026,2026_06,Environmental Protection Specialist,Defense Logistics Agency,Department of Defense,0028,https://www.usajobs.gov/job/873512600,873512600
2026,2026_06,Environmental Protection Specialist,"Interior, Bureau of Indian Affairs",Department of the Interior,0028,https://www.usajobs.gov/job/873806100,873806100
2026,2026_06,Environmental Protection Specialist,Defense Logistics Agency,Department of Defense,0028,https://www.usajobs.gov/job/874442800,874442800
2026,2026_06,Environmental Protection Specialist,Environmental Protection Agency,Other Agencies and Independent Organizations,0028,https://www.usajobs.gov/job/873218800,873218800
2026,2026_06,Environmental Protection Specialist,Veterans Health Administration,Department of Veterans Affairs,0028,https://www.usajobs.gov/job/872536000,872536000
2026,2026_06,Environmental Protection Specialist (Direct Hire),John C. Stennis Space Center,National Aeronautics and Space Administration,0028,https://www.usajobs.gov/job/871675100,871675100
2026,2026_06,Healthcare Engineer,Veterans Health Administration,Department of Veterans Affairs,0801,https://www.usajobs.gov/job/871436400,871436400
2026,2026_06,IT Specialist (SysAnalysis),Federal Emergency Management Agency,Department of Homeland Security,2210,https://www.usajobs.gov/job/874855400,874855400
2026,2026_06,Legal Advisor,U.S. Courts,Judicial Branch,0901,https://www.usajobs.gov/job/873378400,873378400
2026,2026_06,"NBE/BE (LB Technical Team Lead) w/emphasis in Commercial & Retail Credit, NB-0570-VI.2",Office of the Comptroller of the Currency,Department of the Treasury,0570,https://www.usajobs.gov/job/873721500,873721500
2026,2026_06,"National Bank Examiner/Bank Examiner (Analyst to LB Examiner-In-Charge/Director), NB-570-VI",Office of the Comptroller of the Currency,Department of the Treasury,0570,https://www.usajobs.gov/job/871357400,871357400
2026,2026_06,"National Bank Examiner/Bank Examiner (Analyst), NB-570-V",Office of the Comptroller of the Currency,Department of the Treasury,0570,https://www.usajobs.gov/job/874412100,874412100
2026,2026_06,"National Bank Examiner/Bank Examiner (Senior Analyst), NB-570-VI",Office of the Comptroller of the Currency,Department of the Treasury,0570,https://www.usajobs.gov/job/874311600,874311600
2026,2026_06,Plant Protection and Quarantine Officer (Plant Health Safeguarding Specialist),Animal and Plant Health Inspection Service,Department of Agriculture,0401,https://www.usajobs.gov/job/874775200,874775200
2026,2026_06,"Principal Deputy Comptroller for Management and CFO, NB-0505-VIII",Office of the Comptroller of the Currency,Department of the Treasury,0505,https://www.usajobs.gov/job/874346800,874346800
2026,2026_06,Safety and Occupational Health Manager,Veterans Health Administration,Department of Veterans Affairs,0018,https://www.usajobs.gov/job/872062900,872062900
2026,2026_06,"Senior Advisor to the Senior Deputy Comptroller, NB-0301-VII",Office of the Comptroller of the Currency,Department of the Treasury,0301,https://www.usajobs.gov/job/872358800,872358800
2026,2026_06,Supervisory Attorney - Adviser,Environmental Protection Agency,Other Agencies and Independent Organizations,0905,https://www.usajobs.gov/job/871197200,871197200
2026,2026_06,"Supervisory NBE/BE (Analyst to LGFI (Megabank) Examiner-In-Charge), NB-0570-VI.2",Office of the Comptroller of the Currency,Department of the Treasury,0570,https://www.usajobs.gov/job/871287800,871287800
2026,2026_06,Supervisory Range Operations Specialist,United States Army Installation Management Command,Department of the Army,0301,https://www.usajobs.gov/job/871396600,871396600
2026,2026_06,Supervisory Range Operations Specialist,United States Army Installation Management Command,Department of the Army,0301,https://www.usajobs.gov/job/871398100,871398100
2026,2026_07,Attorney-Adviser,Federal Aviation Administration,Department of Transportation,0905,https://www.usajobs.gov/job/878145400,878145400
2026,2026_07,"Bank Examiner/Principal Analyst to the SDC, NB-0570-VII",Office of the Comptroller of the Currency,Department of the Treasury,0570,https://www.usajobs.gov/job/877056300,877056300
2026,2026_07,"Bank Examiner/Principal Analyst to the SDC, NB-0570-VII",Office of the Comptroller of the Currency,Department of the Treasury,0570,https://www.usajobs.gov/job/877056100,877056100
2026,2026_07,"Chief Information Security Officer, NB-2210-VIII",Office of the Comptroller of the Currency,Department of the Treasury,2210,https://www.usajobs.gov/job/876420200,876420200
2026,2026_07,"Chief Information Security Officer, NB-2210-VIII",Office of the Comptroller of the Currency,Department of the Treasury,2210,https://www.usajobs.gov/job/876420600,876420600
2026,2026_07,Concessions Management Specialist (Seasonal),National Park Service,Department of the Interior,1101,https://www.usajobs.gov/job/877089400,877089400
2026,2026_07,"Deputy Comptroller for Large and Global Financial Institutions, NB-0570-VIII",Office of the Comptroller of the Currency,Department of the Treasury,0570,https://www.usajobs.gov/job/875892000,875892000
2026,2026_07,"Deputy Comptroller for Regional and Midsize Financial Institutions, NB-0570-VIII",Office of the Comptroller of the Currency,Department of the Treasury,0570,https://www.usajobs.gov/job/875264500,875264500
2026,2026_07,"Director, Waste and Chemical Implementation Division",Environmental Protection Agency,Other Agencies and Independent Organizations,0340,https://www.usajobs.gov/job/874927600,874927600
2026,2026_07,Environmental Protection Specialist,Veterans Health Administration,Department of Veterans Affairs,0028,https://www.usajobs.gov/job/876232700,876232700
2026,2026_07,Environmental Protection Specialist (GEMS),Veterans Health Administration,Department of Veterans Affairs,0028,https://www.usajobs.gov/job/877820400,877820400
2026,2026_07,GENERAL ATTORNEY (LABOR),U.S. Army Corps of Engineers,Department of the Army,0905,https://www.usajobs.gov/job/875546600,875546600
2026,2026_07,Interdisciplinary Civil Engineer/Physical Scientist (Environmental),Bonneville Power Administration,Department of Energy,0810 | 1301,https://www.usajobs.gov/job/877446100,877446100
2026,2026_07,Land Law Examiner (Minerals),Bureau of Land Management,Department of the Interior,0965,https://www.usajobs.gov/job/877994800,877994800
2026,2026_07,Life Scientist/Environmental Engineer/Physical Scientist,Environmental Protection Agency,Other Agencies and Independent Organizations,0401 | 0819 | 1301,https://www.usajobs.gov/job/874928800,874928800
2026,2026_07,Management and Program Analyst,Alcohol and Tobacco Tax and Trade Bureau,Department of the Treasury,0343,https://www.usajobs.gov/job/876147800,876147800
2026,2026_07,"National Bank Examiner (Analyst to ADC), NB-0570-V.2",Office of the Comptroller of the Currency,Department of the Treasury,0570,https://www.usajobs.gov/job/876612700,876612700
2026,2026_07,"National Bank Examiner (Analyst to ADC), NB-570-V.2",Office of the Comptroller of the Currency,Department of the Treasury,0570,https://www.usajobs.gov/job/877094200,877094200
2026,2026_07,Natural Resource Specialist,National Oceanic and Atmospheric Administration,Department of Commerce,0401,https://www.usajobs.gov/job/875512500,875512500
2026,2026_07,Natural Resource Specialist,National Oceanic and Atmospheric Administration,Department of Commerce,0401,https://www.usajobs.gov/job/875512400,875512400
2026,2026_07,Physical Scientist/Hydrologist/Geologist,Environmental Protection Agency,Other Agencies and Independent Organizations,1301 | 1315 | 1350,https://www.usajobs.gov/job/875192500,875192500
2026,2026_07,Program Specialist,Veterans Health Administration,Department of Veterans Affairs,0301,https://www.usajobs.gov/job/875317300,875317300
2026,2026_07,"Supervisory Alcohol and Tobacco Tax Specialist (Director, Tax Services Division)",Alcohol and Tobacco Tax and Trade Bureau,Department of the Treasury,1801,https://www.usajobs.gov/job/876368000,876368000
2026,2026_07,Supervisory Environmental Care Specialist,Veterans Health Administration,Department of Veterans Affairs,0301,https://www.usajobs.gov/job/877881700,877881700
2026,2026_07,Supervisory Environmental Engineer (Deputy Director),Architect of the Capitol,Legislative Branch,0819,https://www.usajobs.gov/job/875789400,875789400
2026,2026_07,Supervisory Life Scientist/Environmental Engineer/Physical Scientist,Environmental Protection Agency,Other Agencies and Independent Organizations,0401 | 0819 | 1301,https://www.usajobs.gov/job/875072700,875072700
2026,2026_07,Supervisory Life Scientist/Physical Scientist/Environmental Engineer,Environmental Protection Agency,Other Agencies and Independent Organizations,0401 | 0819 | 1301,https://www.usajobs.gov/job/876195100,876195100
2026,2026_07,Supervisory Natural Resources Specialist,United States Army Installation Management Command,Department of the Army,0401,https://www.usajobs.gov/job/876430800,876430800
2026,2026_07,Supervisory Natural Resources Specialist,United States Army Installation Management Command,Department of the Army,0401,https://www.usajobs.gov/job/876433600,876433600
2026,2026_07,Supervisory Park Ranger (Protection) - Chief Park Ranger,National Park Service,Department of the Interior,0025,https://www.usajobs.gov/job/876036900,876036900
2026,2026_07,Supervisory Physical Scientist (Environmental),Bonneville Power Administration,Department of Energy,1301,https://www.usajobs.gov/job/877275200,877275200
2026,2026_07,"Supv NBE/BE (LB Technical Team Lead) w/emphasis in ERM, Ops Risk & BIT, NB-0570-VI.2",Office of the Comptroller of the Currency,Department of the Treasury,0570,https://www.usajobs.gov/job/877761200,877761200
2026,2026_07,"Supv National Bank Examiner/Bank Examiner (LB Team Lead) w/emphasis in BIT & Ops Risk, NB-0570-VII",Office of the Comptroller of the Currency,Department of the Treasury,0570,https://www.usajobs.gov/job/875081100,875081100
